epoch,timestamp,class_name,high_confidence_ratio,medium_confidence_ratio,uncertain_ratio,low_confidence_ratio,true_positives,false_positives,loss_contribution,avg_confidence_correct,avg_confidence_incorrect
0,2025-03-06T13:34:20.023899,Atelectasis,0.0,0.0,0.0,1.0,0,0,0.041309747844934464,0.31233683228492737,0.31231844425201416
0,2025-03-06T13:34:20.023899,Cardiomegaly,0.0,0.0,0.0,1.0,0,0,0.014464353211224079,0.136969193816185,0.15233907103538513
0,2025-03-06T13:34:20.023899,Consolidation,0.0,0.0,0.0,1.0,0,0,0.025166993960738182,0.2702435553073883,0.27750006318092346
0,2025-03-06T13:34:20.023899,Edema,0.0,0.0,0.0,1.0,0,0,0.01263343170285225,0.13531747460365295,0.15668261051177979
0,2025-03-06T13:34:20.023899,Effusion,0.0,0.0,6.491820306413918e-05,0.9999350817969359,0,0,0.03861987218260765,0.2306526005268097,0.24625089764595032
0,2025-03-06T13:34:20.023899,Emphysema,0.0,0.0,0.0,1.0,0,0,0.015009608119726181,0.20959064364433289,0.21373037993907928
0,2025-03-06T13:34:20.023899,Fibrosis,0.0,0.0,0.0,1.0,0,0,0.010764697566628456,0.1544417291879654,0.14698976278305054
0,2025-03-06T13:34:20.023899,Hernia,0.0,0.0,6.491820306413918e-05,0.9999350817969359,0,0,0.011874135583639145,0.21061015129089355,0.19725406169891357
0,2025-03-06T13:34:20.023899,Infiltration,0.0,0.00012983640612827837,0.007076084133991171,0.9927940794598805,5,6,0.05482194200158119,0.3119325637817383,0.31964027881622314
0,2025-03-06T13:34:20.023899,Mass,0.0,0.001038691249026227,0.010192157881069853,0.9887691508699039,1,37,0.037317682057619095,0.3231455981731415,0.33501356840133667
0,2025-03-06T13:34:20.023899,No Finding,0.0,0.0,0.0,1.0,0,0,0.12957298755645752,0.23983871936798096,0.23398369550704956
0,2025-03-06T13:34:20.023899,Nodule,0.002856400934822124,0.035510257076084135,0.7116333419890938,0.25,63,987,0.09291533380746841,0.4134964346885681,0.5403957366943359
0,2025-03-06T13:34:20.023899,Pleural_Thickening,0.0,0.0,0.0,1.0,0,0,0.017067452892661095,0.1864567995071411,0.184254452586174
0,2025-03-06T13:34:20.023899,Pneumonia,0.0,0.0,0.00012983640612827837,0.9998701635938717,0,0,0.013146738521754742,0.22136090695858002,0.2262658327817917
0,2025-03-06T13:34:20.023899,Pneumothorax,0.0,0.0,0.0,1.0,0,0,0.02903318591415882,0.2872437834739685,0.29260778427124023
1,2025-03-06T14:08:00.730084,Atelectasis,0.0,0.0,0.0009088548428979486,0.9990911451571021,0,0,0.039818860590457916,0.31348520517349243,0.3193226158618927
1,2025-03-06T14:08:00.730084,Cardiomegaly,0.0,0.0,0.0005193456245131135,0.9994806543754868,0,0,0.03165490925312042,0.31675174832344055,0.32508325576782227
1,2025-03-06T14:08:00.730084,Consolidation,0.0,0.0,6.491820306413918e-05,0.9999350817969359,0,0,0.02776142954826355,0.2905004620552063,0.31042030453681946
1,2025-03-06T14:08:00.730084,Edema,0.0,0.0,0.0004544274214489743,0.999545572578551,0,0,0.022934652864933014,0.2758992910385132,0.328271746635437
1,2025-03-06T14:08:00.730084,Effusion,0.0,6.491820306413918e-05,0.03219942871981304,0.9677356530771228,4,5,0.04780847579240799,0.346396803855896,0.36493900418281555
1,2025-03-06T14:08:00.730084,Emphysema,0.0,0.0,0.0,1.0,0,0,0.02693881094455719,0.2995007336139679,0.3005039393901825
1,2025-03-06T14:08:00.730084,Fibrosis,0.0,0.0,0.0,1.0,0,0,0.025801923125982285,0.2960365414619446,0.3089714050292969
1,2025-03-06T14:08:00.730084,Hernia,0.0,0.0,0.0,1.0,0,0,0.012478947639465332,0.2373131662607193,0.26163846254348755
1,2025-03-06T14:08:00.730084,Infiltration,0.0,0.0,0.10081796935860815,0.8991820306413918,0,0,0.05555843934416771,0.3629275858402252,0.37440580129623413
1,2025-03-06T14:08:00.730084,Mass,0.0,0.0,0.0029862373409504026,0.9970137626590496,0,0,0.040061723440885544,0.3385564684867859,0.33862441778182983
1,2025-03-06T14:08:00.730084,No Finding,0.0,0.0,0.0,1.0,0,0,0.08011537045240402,0.30743956565856934,0.31763193011283875
1,2025-03-06T14:08:00.730084,Nodule,0.0,0.0,0.0,1.0,0,0,0.03733741119503975,0.3243614733219147,0.32751092314720154
1,2025-03-06T14:08:00.730084,Pleural_Thickening,0.0,0.0,0.0,1.0,0,0,0.020018532872200012,0.2555343508720398,0.25712570548057556
1,2025-03-06T14:08:00.730084,Pneumonia,0.0,0.0,0.0,1.0,0,0,0.009703014977276325,0.19129230082035065,0.19752372801303864
1,2025-03-06T14:08:00.730084,Pneumothorax,0.0,0.0,0.0,1.0,0,0,0.032341327518224716,0.30925238132476807,0.3138620853424072
2,2025-03-06T14:41:48.906479,Atelectasis,0.0,0.0,0.0,1.0,0,0,0.04384584352374077,0.334371954202652,0.3401234447956085
2,2025-03-06T14:41:48.906479,Cardiomegaly,0.0,0.0,0.0005193456245131135,0.9994806543754868,0,0,0.031880900263786316,0.317077100276947,0.32767483592033386
2,2025-03-06T14:41:48.906479,Consolidation,0.0,0.0,0.0,1.0,0,0,0.030362281948328018,0.3034064769744873,0.3210219144821167
2,2025-03-06T14:41:48.906479,Edema,0.0,0.0,0.16184108023889898,0.838158919761101,0,0,0.038377050310373306,0.332161545753479,0.3933601975440979
2,2025-03-06T14:41:48.906479,Effusion,0.0,0.0,0.40249285899766296,0.597507141002337,0,0,0.05715934559702873,0.3800138235092163,0.4074538052082062
2,2025-03-06T14:41:48.906479,Emphysema,0.0,0.0,0.0,1.0,0,0,0.030819302424788475,0.3123958110809326,0.3109111487865448
2,2025-03-06T14:41:48.906479,Fibrosis,0.0,0.0,0.0,1.0,0,0,0.019259676337242126,0.2616818845272064,0.2772279977798462
2,2025-03-06T14:41:48.906479,Hernia,0.0,0.0,0.0,1.0,0,0,0.0045655472204089165,0.16277316212654114,0.18472225964069366
2,2025-03-06T14:41:48.906479,Infiltration,0.0,0.0,0.57089067774604,0.42910932225396003,0,0,0.06663963198661804,0.4035950005054474,0.4168629050254822
2,2025-03-06T14:41:48.906479,Mass,0.0,0.0,0.0,1.0,0,0,0.032646216452121735,0.30814623832702637,0.3071804940700531
2,2025-03-06T14:41:48.906479,No Finding,0.0,0.0,0.0,1.0,0,0,0.08356363326311111,0.2898186147212982,0.3038998544216156
2,2025-03-06T14:41:48.906479,Nodule,0.0,0.0,0.0,1.0,0,0,0.03232050687074661,0.30149880051612854,0.3045949339866638
2,2025-03-06T14:41:48.906479,Pleural_Thickening,0.0,0.0,0.0,1.0,0,0,0.024931978434324265,0.28370219469070435,0.28457772731781006
2,2025-03-06T14:41:48.906479,Pneumonia,0.0,0.0,0.0,1.0,0,0,0.01631315052509308,0.249049112200737,0.2583480179309845
2,2025-03-06T14:41:48.906479,Pneumothorax,0.0,0.0,0.0,1.0,0,0,0.039955269545316696,0.3370051681995392,0.34402748942375183
3,2025-03-06T15:13:41.340116,Atelectasis,0.0,0.0,0.0,1.0,0,0,0.039770953357219696,0.31220558285713196,0.3156020939350128
3,2025-03-06T15:13:41.340116,Cardiomegaly,0.0,0.0,0.0,1.0,0,0,0.025874068960547447,0.292662650346756,0.30039480328559875
3,2025-03-06T15:13:41.340116,Consolidation,0.0,0.0,0.0,1.0,0,0,0.02591959573328495,0.280475378036499,0.3028658628463745
3,2025-03-06T15:13:41.340116,Edema,0.0,0.0,0.0314853284861075,0.9685146715138925,0,0,0.026154931634664536,0.2862066924571991,0.3479940593242645
3,2025-03-06T15:13:41.340116,Effusion,0.0,0.0,0.07004674110620618,0.9299532588937938,0,0,0.047692056745290756,0.3468535840511322,0.3713229298591614
3,2025-03-06T15:13:41.340116,Emphysema,0.0,0.0,0.0,1.0,0,0,0.02115746960043907,0.2677295207977295,0.269713819026947
3,2025-03-06T15:13:41.340116,Fibrosis,0.0,0.0,0.0,1.0,0,0,0.01931445673108101,0.256481409072876,0.27563077211380005
3,2025-03-06T15:13:41.340116,Hernia,0.0,0.0,0.0014931186704752013,0.9985068813295248,0,0,0.011011042632162571,0.21048718690872192,0.2761954069137573
3,2025-03-06T15:13:41.340116,Infiltration,0.0,0.0,0.172098156323033,0.8279018436769671,0,0,0.05625688657164574,0.3653820753097534,0.37784090638160706
3,2025-03-06T15:13:41.340116,Mass,0.0,0.0,0.0,1.0,0,0,0.034136444330215454,0.3129158020019531,0.3115701377391815
3,2025-03-06T15:13:41.340116,No Finding,0.0,0.0,0.0,1.0,0,0,0.08729958534240723,0.2765502631664276,0.29242703318595886
3,2025-03-06T15:13:41.340116,Nodule,0.0,0.0,0.0,1.0,0,0,0.031710851937532425,0.2967652380466461,0.30139249563217163
3,2025-03-06T15:13:41.340116,Pleural_Thickening,0.0,0.0,0.0,1.0,0,0,0.021078359335660934,0.260283499956131,0.26208674907684326
3,2025-03-06T15:13:41.340116,Pneumonia,0.0,0.0,0.0,1.0,0,0,0.01279486995190382,0.22409631311893463,0.22833316028118134
3,2025-03-06T15:13:41.340116,Pneumothorax,0.0,0.0,0.0022072189041807324,0.9977927810958193,0,0,0.03444045037031174,0.3135509192943573,0.325716495513916
4,2025-03-06T15:45:09.499540,Atelectasis,0.0,0.0,0.0,1.0,0,0,0.03997787833213806,0.31411001086235046,0.3273010551929474
4,2025-03-06T15:45:09.499540,Cardiomegaly,0.0,0.0,0.00038950921838483513,0.9996104907816151,0,0,0.027561334893107414,0.29474878311157227,0.3221134841442108
4,2025-03-06T15:45:09.499540,Consolidation,0.0,0.0,0.0,1.0,0,0,0.022882990539073944,0.2555880844593048,0.29194360971450806
4,2025-03-06T15:45:09.499540,Edema,0.0,0.0,0.11373669176837185,0.8862633082316281,0,0,0.02486385405063629,0.2615901827812195,0.36625728011131287
4,2025-03-06T15:45:09.499540,Effusion,0.0,0.0,0.22273435471306155,0.7772656452869384,39,85,0.046342410147190094,0.3331567943096161,0.3914225399494171
4,2025-03-06T15:45:09.499540,Emphysema,0.0,0.0,0.0,1.0,0,0,0.021680453792214394,0.2655559182167053,0.27080246806144714
4,2025-03-06T15:45:09.499540,Fibrosis,0.0,0.0,0.0,1.0,0,0,0.02103741094470024,0.26597321033477783,0.2867583632469177
4,2025-03-06T15:45:09.499540,Hernia,0.0,0.0025967281225655675,0.09809140482991431,0.8993118670475201,7,350,0.02290303446352482,0.2292570322751999,0.5346673130989075
4,2025-03-06T15:45:09.499540,Infiltration,0.0,0.0,0.18112178654894834,0.8188782134510517,0,0,0.05405432730913162,0.3537536859512329,0.37528201937675476
4,2025-03-06T15:45:09.499540,Mass,0.0,0.0,0.00019475460919241757,0.9998052453908076,0,0,0.036286257207393646,0.32200193405151367,0.3217184543609619
4,2025-03-06T15:45:09.499540,No Finding,0.0,0.0,0.010451830693326409,0.9895481693066736,0,0,0.07703650742769241,0.3090847432613373,0.330186665058136
4,2025-03-06T15:45:09.499540,Nodule,0.0,0.0,0.0,1.0,0,0,0.03484217822551727,0.31175288558006287,0.31483063101768494
4,2025-03-06T15:45:09.499540,Pleural_Thickening,0.0,0.0,0.0,1.0,0,0,0.020512064918875694,0.2561505436897278,0.2615513205528259
4,2025-03-06T15:45:09.499540,Pneumonia,0.0,0.0,0.0,1.0,0,0,0.013655159622430801,0.22814853489398956,0.24385647475719452
4,2025-03-06T15:45:09.499540,Pneumothorax,0.0,0.0,0.0,1.0,0,0,0.02423226088285446,0.2573956847190857,0.27830323576927185
5,2025-03-06T18:00:46.024673,Atelectasis,0.0,0.0,0.0,1.0,0,0,0.03731494024395943,0.29830217361450195,0.310516357421875
5,2025-03-06T18:00:46.024673,Cardiomegaly,0.0,0.0,0.016489223578291353,0.9835107764217087,0,0,0.027495188638567924,0.29335349798202515,0.33028584718704224
5,2025-03-06T18:00:46.024673,Consolidation,0.0,0.0,0.0,1.0,0,0,0.025028761476278305,0.2732120752334595,0.30793657898902893
5,2025-03-06T18:00:46.024673,Edema,0.0,0.0,0.1399636458062841,0.8600363541937159,21,108,0.02677263505756855,0.26489439606666565,0.41490620374679565
5,2025-03-06T18:00:46.024673,Effusion,0.0,0.0,0.2039729940275253,0.7960270059724747,6,10,0.04719912260770798,0.3424333930015564,0.39033743739128113
5,2025-03-06T18:00:46.024673,Emphysema,0.0,0.0,0.0,1.0,0,0,0.02465333789587021,0.2863355576992035,0.29211661219596863
5,2025-03-06T18:00:46.024673,Fibrosis,0.0,0.0,0.0,1.0,0,0,0.021558742970228195,0.2642076015472412,0.2930256128311157
5,2025-03-06T18:00:46.024673,Hernia,0.0,0.0013632822643469228,0.04057387691508699,0.9580628408205661,2,139,0.016709474846720695,0.22788193821907043,0.5210820436477661
5,2025-03-06T18:00:46.024673,Infiltration,0.0,0.0,0.30751752791482734,0.6924824720851727,4,3,0.06116695702075958,0.3851352632045746,0.4055078327655792
5,2025-03-06T18:00:46.024673,Mass,0.0,0.0,0.0,1.0,0,0,0.03382880985736847,0.3130169212818146,0.3136810064315796
5,2025-03-06T18:00:46.024673,No Finding,0.0,0.0,0.0,1.0,0,0,0.08530206233263016,0.27927786111831665,0.2983124256134033
5,2025-03-06T18:00:46.024673,Nodule,0.0,0.0,0.006491820306413918,0.9935081796935861,0,0,0.0335724875330925,0.3055187165737152,0.3096521198749542
5,2025-03-06T18:00:46.024673,Pleural_Thickening,0.0,0.0,0.0,1.0,0,0,0.02761469967663288,0.2951098382472992,0.29991549253463745
5,2025-03-06T18:00:46.024673,Pneumonia,0.0,0.0,0.0,1.0,0,0,0.014345983974635601,0.23517051339149475,0.25029662251472473
5,2025-03-06T18:00:46.024673,Pneumothorax,0.0,0.0,0.034925993248506884,0.9650740067514931,0,0,0.03791753947734833,0.3251585066318512,0.3421534597873688
6,2025-03-06T18:31:02.149510,Atelectasis,0.0,0.0,0.0,1.0,0,0,0.038131970912218094,0.30213695764541626,0.31672781705856323
6,2025-03-06T18:31:02.149510,Cardiomegaly,0.0,6.491820306413918e-05,0.08270579070371332,0.9172292910932225,12,92,0.02817445993423462,0.27873489260673523,0.3829334080219269
6,2025-03-06T18:31:02.149510,Consolidation,0.0,0.0,0.00012983640612827837,0.9998701635938717,0,0,0.024899613112211227,0.2676541209220886,0.3171841502189636
6,2025-03-06T18:31:02.149510,Edema,0.0,0.00012983640612827837,0.11711243832770708,0.8827577252661646,11,100,0.023413777351379395,0.24192102253437042,0.39926862716674805
6,2025-03-06T18:31:02.149510,Effusion,0.0,0.0,0.18845754349519606,0.8115424565048039,31,54,0.04144721478223801,0.3062327802181244,0.3821554183959961
6,2025-03-06T18:31:02.149510,Emphysema,0.0,0.0,0.0,1.0,0,0,0.017997287213802338,0.24757911264896393,0.2572523355484009
6,2025-03-06T18:31:02.149510,Fibrosis,0.0,0.0,0.01603479615684238,0.9839652038431577,0,0,0.027920512482523918,0.2909162938594818,0.3149093687534332
6,2025-03-06T18:31:02.149510,Hernia,0.0,0.0048039470267463,0.06628148532848611,0.9289145676447675,7,307,0.018961511552333832,0.20958229899406433,0.5537815093994141
6,2025-03-06T18:31:02.149510,Infiltration,0.0,0.0,0.2601272396780057,0.7398727603219943,23,59,0.05646432191133499,0.3617892265319824,0.39012977480888367
6,2025-03-06T18:31:02.149510,Mass,0.0,0.0,0.0,1.0,0,0,0.03205203637480736,0.30373671650886536,0.30261102318763733
6,2025-03-06T18:31:02.149510,No Finding,0.0,0.0,0.03726304855881589,0.9627369514411841,0,0,0.07714399695396423,0.3029610514640808,0.3314857482910156
6,2025-03-06T18:31:02.149510,Nodule,0.0,0.0,0.023305634900025966,0.976694365099974,4,41,0.03594037890434265,0.31297600269317627,0.3254733979701996
6,2025-03-06T18:31:02.149510,Pleural_Thickening,0.0,0.0,0.0013632822643469228,0.9986367177356531,0,0,0.026217982172966003,0.28935521841049194,0.295957088470459
6,2025-03-06T18:31:02.149510,Pneumonia,0.0,0.0,0.0,1.0,0,0,0.012665738351643085,0.2179095596075058,0.23719282448291779
6,2025-03-06T18:31:02.149510,Pneumothorax,0.0,0.0,0.0,1.0,0,0,0.02370932511985302,0.2556997239589691,0.27714234590530396
7,2025-03-06T19:01:03.674455,Atelectasis,0.0,0.0,0.0,1.0,0,0,0.036906227469444275,0.29513776302337646,0.3114829361438751
7,2025-03-06T19:01:03.674455,Cardiomegaly,0.0,0.0,0.03200467411062062,0.9679953258893794,9,11,0.02187380939722061,0.24924859404563904,0.3403502404689789
7,2025-03-06T19:01:03.674455,Consolidation,0.0,0.0,0.0,1.0,0,0,0.022518130019307137,0.2511518895626068,0.30458906292915344
7,2025-03-06T19:01:03.674455,Edema,0.0,0.0,0.10672552583744482,0.8932744741625552,4,17,0.021856825798749924,0.23601694405078888,0.37000730633735657
7,2025-03-06T19:01:03.674455,Effusion,0.0,0.0,0.17450012983640611,0.8254998701635938,18,27,0.039263106882572174,0.285560667514801,0.3694317042827606
7,2025-03-06T19:01:03.674455,Emphysema,0.0,0.0,0.00032459101532069593,0.9996754089846793,0,0,0.024074973538517952,0.2803631126880646,0.29871928691864014
7,2025-03-06T19:01:03.674455,Fibrosis,0.0,0.0,0.0,1.0,0,0,0.02160109207034111,0.26891961693763733,0.292653352022171
7,2025-03-06T19:01:03.674455,Hernia,0.0,0.009218384835107764,0.03966502207218904,0.9511165930927032,8,319,0.01482095755636692,0.17588528990745544,0.5894612073898315
7,2025-03-06T19:01:03.674455,Infiltration,0.0,0.0,0.25123344585821866,0.7487665541417814,13,25,0.055994998663663864,0.36006462574005127,0.3897912800312042
7,2025-03-06T19:01:03.674455,Mass,0.0,0.0,0.0,1.0,0,0,0.031226081773638725,0.29999685287475586,0.30166029930114746
7,2025-03-06T19:01:03.674455,No Finding,0.0,0.0,0.090950402492859,0.909049597507141,0,0,0.07474041730165482,0.30723837018013,0.3424002528190613
7,2025-03-06T19:01:03.674455,Nodule,0.0,0.0,0.0005193456245131135,0.9994806543754868,0,0,0.03415572643280029,0.3080217242240906,0.3123636543750763
7,2025-03-06T19:01:03.674455,Pleural_Thickening,0.0,0.0,0.0,1.0,0,0,0.02200111374258995,0.2677178382873535,0.27636224031448364
7,2025-03-06T19:01:03.674455,Pneumonia,0.0,0.0,0.00025967281225655674,0.9997403271877434,0,0,0.013527770526707172,0.22134488821029663,0.24077686667442322
7,2025-03-06T19:01:03.674455,Pneumothorax,0.0,0.0,0.006167229291093222,0.9938327707089067,0,0,0.025747200474143028,0.2681545615196228,0.30289870500564575
8,2025-03-06T19:31:32.411549,Atelectasis,0.0,0.0,0.0,1.0,0,0,0.040016256272792816,0.3152117133140564,0.3291432559490204
8,2025-03-06T19:31:32.411549,Cardiomegaly,0.0,0.0,0.030965982861594393,0.9690340171384056,5,3,0.024622030556201935,0.27396857738494873,0.35038530826568604
8,2025-03-06T19:31:32.411549,Consolidation,0.0,0.0,0.025902363022591534,0.9740976369774085,0,0,0.03238583728671074,0.30483531951904297,0.35419541597366333
8,2025-03-06T19:31:32.411549,Edema,0.0,0.0,0.2034536484030122,0.7965463515969878,3,18,0.031842902302742004,0.2857898771762848,0.4080871045589447
8,2025-03-06T19:31:32.411549,Effusion,0.0,0.0,0.32945988055050635,0.6705401194494937,15,27,0.049517612904310226,0.34756892919540405,0.41362133622169495
8,2025-03-06T19:31:32.411549,Emphysema,0.0,0.0,0.0009737730459620878,0.9990262269540379,0,0,0.020228534936904907,0.25870636105537415,0.27766701579093933
8,2025-03-06T19:31:32.411549,Fibrosis,0.0,0.0,6.491820306413918e-05,0.9999350817969359,0,0,0.018461015075445175,0.24370640516281128,0.2672969698905945
8,2025-03-06T19:31:32.411549,Hernia,0.0,0.011555440145416774,0.054466372370812775,0.9339781874837705,8,408,0.019980546087026596,0.20369580388069153,0.5885581374168396
8,2025-03-06T19:31:32.411549,Infiltration,0.0,0.0,0.43300441443780835,0.5669955855621917,8,18,0.06435730308294296,0.39338943362236023,0.41574370861053467
8,2025-03-06T19:31:32.411549,Mass,0.0,0.0,0.0,1.0,0,0,0.03001861460506916,0.2926828861236572,0.294085294008255
8,2025-03-06T19:31:32.411549,No Finding,0.0,0.0,0.0009737730459620878,0.9990262269540379,0,0,0.08538330346345901,0.2722572088241577,0.29827451705932617
8,2025-03-06T19:31:32.411549,Nodule,0.0,0.0,0.0,1.0,0,0,0.031053626909852028,0.29155412316322327,0.2953553795814514
8,2025-03-06T19:31:32.411549,Pleural_Thickening,0.0,0.0,0.0,1.0,0,0,0.023201368749141693,0.27189356088638306,0.28056836128234863
8,2025-03-06T19:31:32.411549,Pneumonia,0.0,0.0,0.0,1.0,0,0,0.014742367900907993,0.23634231090545654,0.25111523270606995
8,2025-03-06T19:31:32.411549,Pneumothorax,0.0,0.0,0.01596987795377824,0.9840301220462218,0,0,0.025910355150699615,0.2655640244483948,0.29681554436683655
9,2025-03-06T20:01:24.741634,Atelectasis,0.0,0.0,0.0,1.0,0,0,0.03553817793726921,0.28689292073249817,0.3077913522720337
9,2025-03-06T20:01:24.741634,Cardiomegaly,0.0,0.00025967281225655674,0.017333160218125164,0.9824071669696183,16,19,0.015569745562970638,0.20674075186252594,0.31803521513938904
9,2025-03-06T20:01:24.741634,Consolidation,0.0,0.0,0.0,1.0,0,0,0.023161286488175392,0.2604978382587433,0.30371689796447754
9,2025-03-06T20:01:24.741634,Edema,0.0,6.491820306413918e-05,0.11899506621656712,0.8809400155803687,12,74,0.02340858429670334,0.244672492146492,0.39527708292007446
9,2025-03-06T20:01:24.741634,Effusion,0.0,6.491820306413918e-05,0.16852765515450532,0.8314074266424305,44,71,0.03965340554714203,0.2998867928981781,0.3831317722797394
9,2025-03-06T20:01:24.741634,Emphysema,0.0,0.0,0.004219683199169047,0.9957803168008309,0,0,0.02792648784816265,0.29750412702560425,0.32165515422821045
9,2025-03-06T20:01:24.741634,Fibrosis,0.0,0.0,0.011880031160737471,0.9881199688392626,0,0,0.02714349515736103,0.28809115290641785,0.3186179995536804
9,2025-03-06T20:01:24.741634,Hernia,0.0,0.0019475460919241756,0.017917424045702415,0.9801350298623734,3,103,0.00809849239885807,0.15717241168022156,0.532993495464325
9,2025-03-06T20:01:24.741634,Infiltration,0.0,0.0,0.23695144118410802,0.763048558815892,3,6,0.05693341791629791,0.3682761490345001,0.39212489128112793
9,2025-03-06T20:01:24.741634,Mass,0.0,0.0,0.0,1.0,0,0,0.03360913321375847,0.3109394907951355,0.31663188338279724
9,2025-03-06T20:01:24.741634,No Finding,0.0,0.0,0.022007270838743185,0.9779927291612568,0,0,0.0785486176609993,0.2874298393726349,0.3224679231643677
9,2025-03-06T20:01:24.741634,Nodule,0.0,0.0,0.0014931186704752013,0.9985068813295248,0,0,0.04013759642839432,0.33206209540367126,0.33647337555885315
9,2025-03-06T20:01:24.741634,Pleural_Thickening,0.0,0.0,0.0,1.0,0,0,0.022003529593348503,0.2643674910068512,0.27861058712005615
9,2025-03-06T20:01:24.741634,Pneumonia,0.0,0.0,0.0,1.0,0,0,0.013290022499859333,0.2244947999715805,0.24321424961090088
9,2025-03-06T20:01:24.741634,Pneumothorax,0.0,0.0,0.049467670734874056,0.950532329265126,0,0,0.032570723444223404,0.30405569076538086,0.34410616755485535
10,2025-03-06T20:30:49.107556,Atelectasis,0.0,0.0,0.034341729420929626,0.9656582705790704,0,0,0.03797965124249458,0.30229735374450684,0.3363760709762573
10,2025-03-06T20:30:49.107556,Cardiomegaly,0.0,0.003895092183848351,0.0510257076084134,0.9450792002077383,79,167,0.01865672878921032,0.21937993168830872,0.3997226059436798
10,2025-03-06T20:30:49.107556,Consolidation,0.0,0.0,0.00318099195014282,0.9968190080498571,0,0,0.026834167540073395,0.281272292137146,0.32865795493125916
10,2025-03-06T20:30:49.107556,Edema,0.0,0.0,0.10821864450792001,0.8917813554920799,7,29,0.023880448192358017,0.2563561499118805,0.3840566873550415
10,2025-03-06T20:30:49.107556,Effusion,0.0,0.0,0.21435990651778758,0.7856400934822124,75,50,0.042107030749320984,0.3180568516254425,0.39951184391975403
10,2025-03-06T20:30:49.107556,Emphysema,0.0,0.0,0.06095819267722669,0.9390418073227733,2,4,0.030880892649292946,0.3042154014110565,0.34438973665237427
10,2025-03-06T20:30:49.107556,Fibrosis,0.0,0.0,0.00038950921838483513,0.9996104907816151,0,0,0.020893126726150513,0.25890567898750305,0.29186052083969116
10,2025-03-06T20:30:49.107556,Hernia,0.0,0.00038950921838483513,0.0007790184367696703,0.9988314723448455,2,5,0.0016783404862508178,0.08679033815860748,0.26231950521469116
10,2025-03-06T20:30:49.107556,Infiltration,0.0,0.0,0.2215009088548429,0.7784990911451571,8,12,0.0558139905333519,0.3623450994491577,0.3879510462284088
10,2025-03-06T20:30:49.107556,Mass,0.0,0.0,0.0,1.0,0,0,0.03177325800061226,0.3025476038455963,0.3152262270450592
10,2025-03-06T20:30:49.107556,No Finding,0.0,0.0,0.044404050895871204,0.9555959491041288,0,0,0.08111166208982468,0.2702599763870239,0.31623053550720215
10,2025-03-06T20:30:49.107556,Nodule,0.0,0.0,0.0,1.0,0,0,0.03697486221790314,0.3192354738712311,0.32495176792144775
10,2025-03-06T20:30:49.107556,Pleural_Thickening,0.0,0.0,0.0,1.0,0,0,0.01992059499025345,0.2530164420604706,0.2675349712371826
10,2025-03-06T20:30:49.107556,Pneumonia,0.0,0.0,0.0,1.0,0,0,0.01053648255765438,0.1974228471517563,0.2123652547597885
10,2025-03-06T20:30:49.107556,Pneumothorax,0.0,0.0,0.12042326668397818,0.8795767333160218,32,60,0.03451971709728241,0.3033902049064636,0.37221813201904297
11,2025-03-06T21:45:49.711824,Atelectasis,0.0,0.0,0.0005842638275772526,0.9994157361724227,0,0,0.04075261577963829,0.32178497314453125,0.33838483691215515
11,2025-03-06T21:45:49.711824,Cardiomegaly,0.0,0.0,0.005193456245131135,0.9948065437548689,6,4,0.016057252883911133,0.2320677936077118,0.29583731293678284
11,2025-03-06T21:45:49.711824,Consolidation,0.0,0.0,0.0,1.0,0,0,0.022888662293553352,0.2619287669658661,0.2947302460670471
11,2025-03-06T21:45:49.711824,Edema,0.0,0.000714100233705531,0.1689820825759543,0.8303038171903402,35,241,0.03144397959113121,0.28315573930740356,0.45047837495803833
11,2025-03-06T21:45:49.711824,Effusion,0.0,0.0,0.08595170085692028,0.9140482991430797,0,0,0.040220197290182114,0.313750684261322,0.36908766627311707
11,2025-03-06T21:45:49.711824,Emphysema,0.0,0.0,0.0005193456245131135,0.9994806543754868,0,0,0.030704431235790253,0.30951231718063354,0.32531270384788513
11,2025-03-06T21:45:49.711824,Fibrosis,0.0,0.0,0.0,1.0,0,0,0.023598773404955864,0.2751961052417755,0.3081556558609009
11,2025-03-06T21:45:49.711824,Hernia,0.0,0.0007790184367696703,0.011036094520903662,0.9881848870423267,4,50,0.007635231129825115,0.17098984122276306,0.46343356370925903
11,2025-03-06T21:45:49.711824,Infiltration,0.0,0.0,0.19059984419631265,0.8094001558036874,0,0,0.055547136813402176,0.3637346923351288,0.3836607336997986
11,2025-03-06T21:45:49.711824,Mass,0.0,0.0,0.0,1.0,0,0,0.033682119101285934,0.31080183386802673,0.318259060382843
11,2025-03-06T21:45:49.711824,No Finding,0.0,0.0,0.010906258114775382,0.9890937418852246,0,0,0.07909449189901352,0.290329247713089,0.3194899260997772
11,2025-03-06T21:45:49.711824,Nodule,0.0,0.0,0.0,1.0,0,0,0.0316416434943676,0.29535263776779175,0.2999438941478729
11,2025-03-06T21:45:49.711824,Pleural_Thickening,0.0,0.0,0.0,1.0,0,0,0.019057422876358032,0.24353259801864624,0.25599661469459534
11,2025-03-06T21:45:49.711824,Pneumonia,0.0,0.0,0.0,1.0,0,0,0.013193841092288494,0.22658179700374603,0.2394125759601593
11,2025-03-06T21:45:49.711824,Pneumothorax,0.0,0.0,0.02486367177356531,0.9751363282264347,0,0,0.03248460963368416,0.30342456698417664,0.33225634694099426
12,2025-03-06T22:15:40.183594,Atelectasis,0.0,0.0,0.0,1.0,0,0,0.03511430695652962,0.2809002995491028,0.30395904183387756
12,2025-03-06T22:15:40.183594,Cardiomegaly,0.0,0.014022331861854065,0.21825499870163595,0.76772266943651,114,1009,0.04591052234172821,0.30716028809547424,0.5206555128097534
12,2025-03-06T22:15:40.183594,Consolidation,0.0,0.0,0.0,1.0,0,0,0.026196731254458427,0.27524712681770325,0.317665159702301
12,2025-03-06T22:15:40.183594,Edema,0.0,0.0,0.18670475201246428,0.8132952479875357,25,182,0.032013170421123505,0.2828611135482788,0.4434102475643158
12,2025-03-06T22:15:40.183594,Effusion,0.0,0.0,0.36217865489483253,0.6378213451051675,115,191,0.05187469348311424,0.3491186499595642,0.4251740574836731
12,2025-03-06T22:15:40.183594,Emphysema,0.0,0.0,0.0012334458582186445,0.9987665541417814,0,0,0.022374646738171577,0.27030014991760254,0.2911340892314911
12,2025-03-06T22:15:40.183594,Fibrosis,0.0,0.0,0.002531809919501428,0.9974681900804986,0,0,0.02090407907962799,0.2594272494316101,0.28444480895996094
12,2025-03-06T22:15:40.183594,Hernia,0.0,0.03823682160477798,0.12548688652298104,0.836276291872241,14,1286,0.04050871357321739,0.21531112492084503,0.6012412309646606
12,2025-03-06T22:15:40.183594,Infiltration,0.0,0.0,0.3953518566606076,0.6046481433393923,8,10,0.06318396329879761,0.39188042283058167,0.41445091366767883
12,2025-03-06T22:15:40.183594,Mass,0.0,0.0,0.0,1.0,0,0,0.027380067855119705,0.27695930004119873,0.28182509541511536
12,2025-03-06T22:15:40.183594,No Finding,0.0,0.0,0.0008439366398338094,0.9991560633601662,0,0,0.09175021946430206,0.26200637221336365,0.2811422646045685
12,2025-03-06T22:15:40.183594,Nodule,0.0,0.0,0.001428200467411062,0.9985717995325889,0,0,0.03034970723092556,0.28693440556526184,0.29060906171798706
12,2025-03-06T22:15:40.183594,Pleural_Thickening,0.0,0.0,0.0,1.0,0,0,0.02614559978246689,0.28799569606781006,0.29717138409614563
12,2025-03-06T22:15:40.183594,Pneumonia,0.0,0.0,0.0,1.0,0,0,0.013434791006147861,0.22646628320217133,0.2403598576784134
12,2025-03-06T22:15:40.183594,Pneumothorax,0.0,0.0,0.004739028823682161,0.9952609711763178,0,0,0.02497805468738079,0.2593494951725006,0.2891401946544647
13,2025-03-06T22:45:53.625458,Atelectasis,0.0,0.0,0.00012983640612827837,0.9998701635938717,0,0,0.036386456340551376,0.29318854212760925,0.31190940737724304
13,2025-03-06T22:45:53.625458,Cardiomegaly,0.0,0.008439366398338094,0.108673071929369,0.8828875616722929,108,425,0.032238706946372986,0.28405269980430603,0.4759511351585388
13,2025-03-06T22:45:53.625458,Consolidation,0.0,0.0,0.002791482731757985,0.997208517268242,0,0,0.030141940340399742,0.2963902950286865,0.34154829382896423
13,2025-03-06T22:45:53.625458,Edema,0.0,0.0,0.14100233705531032,0.8589976629446897,2,8,0.029132725670933723,0.284260630607605,0.3898715674877167
13,2025-03-06T22:45:53.625458,Effusion,0.0,0.0,0.25558296546351594,0.744417034536484,9,19,0.04668242856860161,0.33842530846595764,0.4042988717556
13,2025-03-06T22:45:53.625458,Emphysema,0.0,0.0,6.491820306413918e-05,0.9999350817969359,0,0,0.020562924444675446,0.26426976919174194,0.28922075033187866
13,2025-03-06T22:45:53.625458,Fibrosis,0.0,0.0,0.005777720072708387,0.9942222799272916,0,0,0.021227242425084114,0.2561989426612854,0.28779521584510803
13,2025-03-06T22:45:53.625458,Hernia,0.0,0.005647883666580109,0.07192936899506622,0.9224227473383537,7,349,0.01929546892642975,0.18858835101127625,0.5485424399375916
13,2025-03-06T22:45:53.625458,Infiltration,0.0,0.0,0.5233705531030901,0.4766294468969099,51,57,0.067950539290905,0.4070024788379669,0.4249895513057709
13,2025-03-06T22:45:53.625458,Mass,0.0,0.0,0.0011685276551545052,0.9988314723448455,0,0,0.03298173099756241,0.30702096223831177,0.31658637523651123
13,2025-03-06T22:45:53.625458,No Finding,0.0,0.0,0.0009737730459620878,0.9990262269540379,0,0,0.0861683264374733,0.2711397111415863,0.2961800694465637
13,2025-03-06T22:45:53.625458,Nodule,0.0,0.0,0.001752791482731758,0.9982472085172682,0,0,0.030636688694357872,0.29013118147850037,0.29554662108421326
13,2025-03-06T22:45:53.625458,Pleural_Thickening,0.0,0.0,6.491820306413918e-05,0.9999350817969359,0,0,0.02711990289390087,0.28826284408569336,0.29985862970352173
13,2025-03-06T22:45:53.625458,Pneumonia,0.0,0.0,0.01603479615684238,0.9839652038431577,0,9,0.020892677828669548,0.2671552300453186,0.2898349463939667
13,2025-03-06T22:45:53.625458,Pneumothorax,0.0,0.0,0.001752791482731758,0.9982472085172682,0,0,0.025587815791368484,0.2696149945259094,0.2972400486469269
14,2025-03-06T23:16:44.666255,Atelectasis,0.0,0.0,0.001038691249026227,0.9989613087509738,0,0,0.03580984100699425,0.29012706875801086,0.3114320635795593
14,2025-03-06T23:16:44.666255,Cardiomegaly,0.0,0.012139703972994027,0.16437289015840043,0.8234874058686056,143,668,0.038613975048065186,0.29460853338241577,0.5098732113838196
14,2025-03-06T23:16:44.666255,Consolidation,0.0,0.0,0.001752791482731758,0.9982472085172682,0,0,0.028990963473916054,0.292181134223938,0.3379582464694977
14,2025-03-06T23:16:44.666255,Edema,0.0,6.491820306413918e-05,0.17073487405868606,0.8292002077382498,27,192,0.03061688505113125,0.27879783511161804,0.44227534532546997
14,2025-03-06T23:16:44.666255,Effusion,0.0,0.0,0.3380290833549727,0.6619709166450273,184,220,0.05056785047054291,0.3485531508922577,0.42578640580177307
14,2025-03-06T23:16:44.666255,Emphysema,0.0,0.0,0.0,1.0,0,0,0.021808771416544914,0.26919591426849365,0.2916082739830017
14,2025-03-06T23:16:44.666255,Fibrosis,0.0,0.0,0.008244611789145677,0.9917553882108543,0,0,0.028204530477523804,0.292064905166626,0.3185957372188568
14,2025-03-06T23:16:44.666255,Hernia,0.0,0.00032459101532069593,0.00798493897688912,0.9916904700077902,4,31,0.004164534155279398,0.12650147080421448,0.4083609879016876
14,2025-03-06T23:16:44.666255,Infiltration,0.0,0.0,0.29648143339392363,0.7035185666060764,13,14,0.05836869031190872,0.3718230426311493,0.39602169394493103
14,2025-03-06T23:16:44.666255,Mass,0.0,0.0,0.0029213191378862635,0.9970786808621137,0,0,0.033651433885097504,0.3087701201438904,0.31941571831703186
14,2025-03-06T23:16:44.666255,No Finding,0.0,0.0,0.02557777200727084,0.9744222279927292,0,0,0.07901012897491455,0.28706032037734985,0.3213160037994385
14,2025-03-06T23:16:44.666255,Nodule,0.0,0.0,0.0,1.0,0,0,0.03493928909301758,0.3102717995643616,0.31655263900756836
14,2025-03-06T23:16:44.666255,Pleural_Thickening,0.0,0.0,0.00038950921838483513,0.9996104907816151,0,0,0.026584729552268982,0.2916029095649719,0.30269646644592285
14,2025-03-06T23:16:44.666255,Pneumonia,0.0,0.0,0.0,1.0,0,0,0.01619168557226658,0.24409660696983337,0.2611895501613617
14,2025-03-06T23:16:44.666255,Pneumothorax,0.0,0.0,0.017722669436509998,0.98227733056349,0,0,0.029288245365023613,0.2873484194278717,0.3228582739830017
15,2025-03-06T23:47:37.531737,Atelectasis,0.0,0.0,0.05790703713321215,0.9420929628667879,0,0,0.038271740078926086,0.2966284453868866,0.3355623185634613
15,2025-03-06T23:47:37.531737,Cardiomegaly,0.0,0.0011685276551545052,0.013762659049597507,0.985068813295248,34,39,0.013161848299205303,0.19040770828723907,0.3189791738986969
15,2025-03-06T23:47:37.531737,Consolidation,0.0,0.0,0.016489223578291353,0.9835107764217087,0,0,0.02597821317613125,0.2668326497077942,0.3276239335536957
15,2025-03-06T23:47:37.531737,Edema,0.0,0.0,0.1282134510516749,0.8717865489483251,17,114,0.023598775267601013,0.2370350956916809,0.40899452567100525
15,2025-03-06T23:47:37.531737,Effusion,0.0,0.0,0.20364840301220463,0.7963515969877953,80,79,0.03961851820349693,0.282962441444397,0.3784162104129791
15,2025-03-06T23:47:37.531737,Emphysema,0.0,0.0,0.0011036094520903662,0.9988963905479097,0,0,0.022184384986758232,0.266061931848526,0.299689382314682
15,2025-03-06T23:47:37.531737,Fibrosis,0.0,0.0005842638275772526,0.13048558815891975,0.868930148013503,0,40,0.03746531531214714,0.32018712162971497,0.3821718990802765
15,2025-03-06T23:47:37.531737,Hernia,0.0018826278888600364,0.03226434692287718,0.07309789665022072,0.8927551285380421,10,939,0.038343023508787155,0.19473882019519806,0.6357903480529785
15,2025-03-06T23:47:37.531737,Infiltration,0.0,0.0,0.2605816670994547,0.7394183329005453,49,57,0.0570557527244091,0.3623495399951935,0.39160311222076416
15,2025-03-06T23:47:37.531737,Mass,0.0,0.0,0.0,1.0,0,0,0.03407978639006615,0.3097085952758789,0.320102334022522
15,2025-03-06T23:47:37.531737,No Finding,0.0,0.0008439366398338094,0.09049597507141002,0.9086600882887562,25,10,0.0750744640827179,0.30681368708610535,0.3410382866859436
15,2025-03-06T23:47:37.531737,Nodule,0.0,0.0,0.004674110620618021,0.9953258893793819,1,4,0.03959496319293976,0.32992619276046753,0.33668825030326843
15,2025-03-06T23:47:37.531737,Pleural_Thickening,0.0,0.0,0.0,1.0,0,0,0.022625047713518143,0.26994046568870544,0.2879961133003235
15,2025-03-06T23:47:37.531737,Pneumonia,0.0,0.0,0.0,1.0,0,0,0.014958685263991356,0.2337634414434433,0.24846887588500977
15,2025-03-06T23:47:37.531737,Pneumothorax,0.0,0.0,0.03570501168527655,0.9642949883147235,0,0,0.026898011565208435,0.26943036913871765,0.32089555263519287
16,2025-03-07T00:18:06.802905,Atelectasis,0.0,0.0,0.018956115294728643,0.9810438847052714,0,0,0.03983533754944801,0.3116898238658905,0.3338549733161926
16,2025-03-07T00:18:06.802905,Cardiomegaly,0.0,0.00025967281225655674,0.014152168267982343,0.9855881589197611,14,8,0.021645957604050636,0.2642838656902313,0.32899054884910583
16,2025-03-07T00:18:06.802905,Consolidation,0.0,0.0,0.05485588158919761,0.9451441184108024,0,0,0.030293915420770645,0.2893901467323303,0.3460492789745331
16,2025-03-07T00:18:06.802905,Edema,0.0,0.0,0.12749935081796937,0.8725006491820306,2,4,0.02716824971139431,0.2712997496128082,0.3871881067752838
16,2025-03-07T00:18:06.802905,Effusion,0.0,0.0,0.3083614645546611,0.6916385354453388,115,159,0.04846584051847458,0.33751818537712097,0.4125983715057373
16,2025-03-07T00:18:06.802905,Emphysema,0.0,0.0,0.0,1.0,0,0,0.01836921088397503,0.2518235146999359,0.2708841562271118
16,2025-03-07T00:18:06.802905,Fibrosis,0.0,0.0,0.0,1.0,0,0,0.015764839947223663,0.23416215181350708,0.250796377658844
16,2025-03-07T00:18:06.802905,Hernia,0.0,0.0521942352635679,0.18612048818488705,0.761685276551545,15,1874,0.05513681471347809,0.2474716156721115,0.598128080368042
16,2025-03-07T00:18:06.802905,Infiltration,0.0,0.0,0.35016878732796675,0.6498312126720333,0,2,0.060548219829797745,0.3818178176879883,0.40479108691215515
16,2025-03-07T00:18:06.802905,Mass,0.0,0.0,0.0,1.0,0,0,0.029238823801279068,0.2904317378997803,0.296012282371521
16,2025-03-07T00:18:06.802905,No Finding,0.0,0.0,0.006491820306413918,0.9935081796935861,0,0,0.08401532471179962,0.284164160490036,0.3051357865333557
16,2025-03-07T00:18:06.802905,Nodule,0.0,0.0,0.0,1.0,0,0,0.02994995191693306,0.28711599111557007,0.29049476981163025
16,2025-03-07T00:18:06.802905,Pleural_Thickening,0.0,0.0,0.0,1.0,0,0,0.023910846561193466,0.27810555696487427,0.290205717086792
16,2025-03-07T00:18:06.802905,Pneumonia,0.0,0.0,0.0,1.0,0,0,0.014960214495658875,0.23623602092266083,0.2517354190349579
16,2025-03-07T00:18:06.802905,Pneumothorax,0.0,0.0,6.491820306413918e-05,0.9999350817969359,0,0,0.02142379619181156,0.23907430469989777,0.26452574133872986
17,2025-03-07T00:48:49.353390,Atelectasis,0.0,0.0,0.07426642430537522,0.9257335756946248,3,7,0.040045108646154404,0.31572696566581726,0.3546057939529419
17,2025-03-07T00:48:49.353390,Cardiomegaly,0.0,0.006426902103349779,0.07264346922877175,0.9209296286678784,100,258,0.024115322157740593,0.2502368986606598,0.4536007344722748
17,2025-03-07T00:48:49.353390,Consolidation,0.0,0.0,0.018047260451830693,0.9819527395481693,0,0,0.029112128540873528,0.2914273142814636,0.34207141399383545
17,2025-03-07T00:48:49.353390,Edema,0.0,0.0,0.07530511555440146,0.9246948844455986,3,15,0.02140522375702858,0.24762462079524994,0.36818647384643555
17,2025-03-07T00:48:49.353390,Effusion,0.0,0.0004544274214489743,0.33277070890677746,0.6667748636717735,406,439,0.04956214502453804,0.34330594539642334,0.4386451244354248
17,2025-03-07T00:48:49.353390,Emphysema,0.0,0.0,0.0019475460919241756,0.9980524539080758,0,0,0.02512650191783905,0.28381264209747314,0.30947640538215637
17,2025-03-07T00:48:49.353390,Fibrosis,0.0,0.0,0.016813814593612048,0.9831861854063879,0,0,0.02813614159822464,0.2922406494617462,0.32377704977989197
17,2025-03-07T00:48:49.353390,Hernia,0.0,0.002077382498052454,0.014801350298623735,0.9831212672033238,7,87,0.005915530491620302,0.12667401134967804,0.5145885944366455
17,2025-03-07T00:48:49.353390,Infiltration,0.0,0.0,0.22825240197351337,0.7717475980264866,1,2,0.05647201091051102,0.3667813241481781,0.38988009095191956
17,2025-03-07T00:48:49.353390,Mass,0.0,0.0,0.0023370553103090105,0.997662944689691,0,0,0.035068824887275696,0.3164530098438263,0.3294054865837097
17,2025-03-07T00:48:49.353390,No Finding,0.0,0.0,0.008699039210594652,0.9913009607894053,0,0,0.08046655356884003,0.2814188003540039,0.31407055258750916
17,2025-03-07T00:48:49.353390,Nodule,0.0,0.0,0.0,1.0,0,0,0.03329870477318764,0.3030704855918884,0.3091757595539093
17,2025-03-07T00:48:49.353390,Pleural_Thickening,0.0,0.0,0.000714100233705531,0.9992858997662944,0,0,0.026980003342032433,0.292748361825943,0.30742964148521423
17,2025-03-07T00:48:49.353390,Pneumonia,0.0,0.0,0.0,1.0,0,0,0.014682942070066929,0.23568648099899292,0.2500196397304535
17,2025-03-07T00:48:49.353390,Pneumothorax,0.0,0.0,0.057647364320955595,0.9423526356790444,0,0,0.031477175652980804,0.29457250237464905,0.3393816649913788
18,2025-03-07T01:19:25.937587,Atelectasis,0.0,0.0,0.053168008309529995,0.94683199169047,0,1,0.04051061347126961,0.3186393082141876,0.34930408000946045
18,2025-03-07T01:19:25.937587,Cardiomegaly,0.0,0.0007790184367696703,0.03317320176577512,0.9660477797974552,40,55,0.01662987470626831,0.21647179126739502,0.35066846013069153
18,2025-03-07T01:19:25.937587,Consolidation,0.0,0.0,0.011815112957673332,0.9881848870423267,0,0,0.02587204985320568,0.27468305826187134,0.3215208351612091
18,2025-03-07T01:19:25.937587,Edema,0.0,0.0,0.02447416255518047,0.9755258374448196,0,0,0.015780003741383553,0.2146773487329483,0.3043311834335327
18,2025-03-07T01:19:25.937587,Effusion,0.0,0.0,0.11763178395222021,0.8823682160477798,24,15,0.036692045629024506,0.28865283727645874,0.36908194422721863
18,2025-03-07T01:19:25.937587,Emphysema,0.0,0.0,0.06764476759283303,0.932355232407167,0,0,0.031563010066747665,0.30169910192489624,0.3339836597442627
18,2025-03-07T01:19:25.937587,Fibrosis,0.0,0.0,6.491820306413918e-05,0.9999350817969359,0,0,0.02233506366610527,0.2626468539237976,0.3005329370498657
18,2025-03-07T01:19:25.937587,Hernia,0.0,0.0019475460919241756,0.006686574915606336,0.9913658789924695,7,60,0.004467636346817017,0.1144583523273468,0.49470558762550354
18,2025-03-07T01:19:25.937587,Infiltration,0.0,0.0,0.12801869644248248,0.8719813035575176,0,0,0.05377066135406494,0.35092175006866455,0.36683088541030884
18,2025-03-07T01:19:25.937587,Mass,0.0,0.0,0.0012983640612827837,0.9987016359387172,0,0,0.03466814011335373,0.31525376439094543,0.3288084864616394
18,2025-03-07T01:19:25.937587,No Finding,0.0,0.0,0.059529992209815634,0.9404700077901844,0,0,0.07803229987621307,0.2863619327545166,0.3262374997138977
18,2025-03-07T01:19:25.937587,Nodule,0.0,0.0,0.0,1.0,0,0,0.03222540393471718,0.29652222990989685,0.30106937885284424
18,2025-03-07T01:19:25.937587,Pleural_Thickening,0.0,0.0,0.0,1.0,0,0,0.020822076126933098,0.2560400068759918,0.27215278148651123
18,2025-03-07T01:19:25.937587,Pneumonia,0.0,0.0,0.0,1.0,0,0,0.010177145712077618,0.19217994809150696,0.20122334361076355
18,2025-03-07T01:19:25.937587,Pneumothorax,0.0,0.0,0.21793040768631525,0.7820695923136848,64,178,0.04420913755893707,0.3378080427646637,0.4140423536300659
19,2025-03-07T01:50:18.912540,Atelectasis,0.0,0.0,0.0642690210334978,0.9357309789665023,10,9,0.035095248371362686,0.27887704968452454,0.33069083094596863
19,2025-03-07T01:50:18.912540,Cardiomegaly,0.0,0.001817709685795897,0.024084653336795638,0.9740976369774085,49,58,0.012841657735407352,0.17787683010101318,0.3458995223045349
19,2025-03-07T01:50:18.912540,Consolidation,0.0,0.0,6.491820306413918e-05,0.9999350817969359,0,0,0.021288340911269188,0.2455402910709381,0.2961377799510956
19,2025-03-07T01:50:18.912540,Edema,0.0,0.0,0.02557777200727084,0.9744222279927292,0,0,0.013846639543771744,0.19648899137973785,0.30929088592529297
19,2025-03-07T01:50:18.912540,Effusion,0.0,0.0,0.12081277590236303,0.8791872240976369,48,28,0.036000825464725494,0.2798229455947876,0.36423808336257935
19,2025-03-07T01:50:18.912540,Emphysema,0.0,0.0,0.12509737730459622,0.8749026226954038,0,9,0.037960633635520935,0.33072468638420105,0.3826810121536255
19,2025-03-07T01:50:18.912540,Fibrosis,0.0,0.0,0.020254479356011424,0.9797455206439886,0,0,0.03245185315608978,0.31218627095222473,0.3376111686229706
19,2025-03-07T01:50:18.912540,Hernia,0.0,0.000714100233705531,0.008374448195273955,0.9909114515710206,8,39,0.0037436489947140217,0.10842300206422806,0.4486536383628845
19,2025-03-07T01:50:18.912540,Infiltration,0.0,0.0,0.11964424824720851,0.8803557517527915,0,0,0.05188118293881416,0.3433040380477905,0.36443886160850525
19,2025-03-07T01:50:18.912540,Mass,0.0,0.0,0.00876395741365879,0.9912360425863412,0,0,0.03803243115544319,0.32854628562927246,0.34411993622779846
19,2025-03-07T01:50:18.912540,No Finding,0.0,0.0,0.042586341210075304,0.9574136587899247,0,0,0.07539505511522293,0.29868239164352417,0.33492347598075867
19,2025-03-07T01:50:18.912540,Nodule,0.0,0.0,0.0,1.0,0,0,0.038210492581129074,0.3262627124786377,0.33130329847335815
19,2025-03-07T01:50:18.912540,Pleural_Thickening,0.0,0.0,0.0,1.0,0,0,0.027064139023423195,0.2945149838924408,0.3081375062465668
19,2025-03-07T01:50:18.912540,Pneumonia,0.0,0.0,0.0,1.0,0,0,0.011850252747535706,0.21247850358486176,0.226007342338562
19,2025-03-07T01:50:18.912540,Pneumothorax,0.0,0.0,0.15528434172942093,0.844715658270579,32,78,0.03989524021744728,0.3284502923488617,0.39827314019203186
20,2025-03-07T02:21:00.622016,Atelectasis,0.0,0.0,0.010971176317839523,0.9890288236821605,0,0,0.03241557627916336,0.25536754727363586,0.2951316833496094
20,2025-03-07T02:21:00.622016,Cardiomegaly,0.0,0.0038301739807842117,0.04050895871202285,0.9556608673071929,78,133,0.016280580312013626,0.20622093975543976,0.39644962549209595
20,2025-03-07T02:21:00.622016,Consolidation,0.0,0.0,0.007920020773824981,0.992079979226175,0,0,0.024915661662817,0.2684706151485443,0.31842902302742004
20,2025-03-07T02:21:00.622016,Edema,0.0,6.491820306413918e-05,0.15450532329265126,0.8454297585042846,44,241,0.02770274505019188,0.2578639090061188,0.4465673863887787
20,2025-03-07T02:21:00.622016,Effusion,0.0,0.0,0.10607634380680343,0.8939236561931966,61,24,0.03567349538207054,0.2822175920009613,0.3657073378562927
20,2025-03-07T02:21:00.622016,Emphysema,0.0,0.0,0.023370553103090108,0.9766294468969099,0,0,0.02363356575369835,0.2709408700466156,0.3128941059112549
20,2025-03-07T02:21:00.622016,Fibrosis,0.0,0.0,0.009997403271877434,0.9900025967281225,0,0,0.025752384215593338,0.2753337621688843,0.31876417994499207
20,2025-03-07T02:21:00.622016,Hernia,0.0,6.491820306413918e-05,0.00038950921838483513,0.999545572578551,1,0,0.0013473059516400099,0.08261173963546753,0.1743316352367401
20,2025-03-07T02:21:00.622016,Infiltration,0.0,0.0,0.29842897948584785,0.7015710205141522,44,48,0.05922284349799156,0.3761688470840454,0.4006067216396332
20,2025-03-07T02:21:00.622016,Mass,0.0,0.0,0.0,1.0,0,0,0.028701426461338997,0.28353604674339294,0.3011692762374878
20,2025-03-07T02:21:00.622016,No Finding,0.0,0.0,0.017333160218125164,0.9826668397818749,0,0,0.08002122491598129,0.2786865234375,0.31774699687957764
20,2025-03-07T02:21:00.622016,Nodule,0.0,0.0,0.0,1.0,0,0,0.03293059766292572,0.30015620589256287,0.30781739950180054
20,2025-03-07T02:21:00.622016,Pleural_Thickening,0.0,0.0,0.0,1.0,0,0,0.020489869639277458,0.2535039484500885,0.2745164930820465
20,2025-03-07T02:21:00.622016,Pneumonia,0.0,0.0,0.0,1.0,0,0,0.013113277032971382,0.22289171814918518,0.23814423382282257
20,2025-03-07T02:21:00.622016,Pneumothorax,0.0,0.0,0.049467670734874056,0.950532329265126,1,8,0.02673674188554287,0.2688978910446167,0.3334525227546692
21,2025-03-07T02:51:57.588031,Atelectasis,0.0,0.0,0.022526616463256297,0.9774733835367437,1,0,0.036023493856191635,0.29061657190322876,0.3266814947128296
21,2025-03-07T02:51:57.588031,Cardiomegaly,0.0,0.012464294988314724,0.07082575954297585,0.9167099454687094,143,360,0.022438667714595795,0.22216255962848663,0.48133260011672974
21,2025-03-07T02:51:57.588031,Consolidation,0.0,0.0,0.00012983640612827837,0.9998701635938717,0,0,0.02262435480952263,0.2548406720161438,0.3039604425430298
21,2025-03-07T02:51:57.588031,Edema,0.0,0.00019475460919241757,0.08426382757725266,0.9155414178135549,44,136,0.01861751452088356,0.20611996948719025,0.3953403830528259
21,2025-03-07T02:51:57.588031,Effusion,0.0,0.0,0.10432355232407167,0.8956764476759284,49,22,0.035401683300733566,0.284816175699234,0.37053680419921875
21,2025-03-07T02:51:57.588031,Emphysema,0.0,0.0,0.1285380420669956,0.8714619579330044,10,48,0.03522985801100731,0.3148411214351654,0.38827160000801086
21,2025-03-07T02:51:57.588031,Fibrosis,0.0,0.0,0.020903661386652818,0.9790963386133472,0,0,0.025817718356847763,0.2792092561721802,0.31846630573272705
21,2025-03-07T02:51:57.588031,Hernia,6.491820306413918e-05,0.0015580368735393405,0.0037003375746559337,0.9946767073487406,7,35,0.00235755555331707,0.07518085092306137,0.4650746285915375
21,2025-03-07T02:51:57.588031,Infiltration,0.0,0.0,0.15859517008569202,0.841404829914308,26,40,0.053575534373521805,0.3500588834285736,0.3745410144329071
21,2025-03-07T02:51:57.588031,Mass,0.0,0.0,6.491820306413918e-05,0.9999350817969359,0,0,0.031524743884801865,0.30018967390060425,0.3209647238254547
21,2025-03-07T02:51:57.588031,No Finding,0.0,0.0,0.07290314204102831,0.9270968579589717,0,0,0.0789734423160553,0.27740705013275146,0.3237977623939514
21,2025-03-07T02:51:57.588031,Nodule,0.0,0.0,0.0,1.0,0,0,0.035734985023736954,0.31383368372917175,0.31998440623283386
21,2025-03-07T02:51:57.588031,Pleural_Thickening,0.0,0.0,0.0,1.0,0,0,0.022074896842241287,0.26431533694267273,0.28712835907936096
21,2025-03-07T02:51:57.588031,Pneumonia,0.0,0.0,0.0,1.0,0,0,0.010401605628430843,0.19288370013237,0.21050089597702026
21,2025-03-07T02:51:57.588031,Pneumothorax,0.0,0.00038950921838483513,0.21448974292391587,0.7851207478576993,130,371,0.04293977841734886,0.3284510374069214,0.4375801682472229
22,2025-03-07T06:20:50.769360,Atelectasis,0.0,0.0,0.0687483770449234,0.9312516229550766,8,5,0.038788195699453354,0.3057497441768646,0.346125990152359
22,2025-03-07T06:20:50.769360,Cardiomegaly,0.0,0.00558296546351597,0.04219683199169047,0.9522202025447936,93,159,0.016717828810214996,0.2031632661819458,0.40945538878440857
22,2025-03-07T06:20:50.769360,Consolidation,0.0,0.0,0.02077382498052454,0.9792261750194755,0,0,0.027215220034122467,0.27941468358039856,0.3379340171813965
22,2025-03-07T06:20:50.769360,Edema,0.0,0.003116073747078681,0.1308750973773046,0.8660088288756167,95,581,0.02560061402618885,0.22295062243938446,0.48742255568504333
22,2025-03-07T06:20:50.769360,Effusion,0.0,0.0025967281225655675,0.21663204362503247,0.780771228252402,378,420,0.04084280878305435,0.2993958592414856,0.4144417643547058
22,2025-03-07T06:20:50.769360,Emphysema,0.0,0.0,0.11996883926252921,0.8800311607374708,12,95,0.035053551197052,0.31480395793914795,0.40401941537857056
22,2025-03-07T06:20:50.769360,Fibrosis,0.0,0.0,0.13094001558036875,0.8690599844196313,0,6,0.035187944769859314,0.31178829073905945,0.35642942786216736
22,2025-03-07T06:20:50.769360,Hernia,0.0,0.0011685276551545052,0.011815112957673332,0.9870163593871721,4,63,0.0064414129592478275,0.15377885103225708,0.48578935861587524
22,2025-03-07T06:20:50.769360,Infiltration,0.0,0.0,0.2540249285899766,0.7459750714100234,173,210,0.05722275748848915,0.3651050329208374,0.39570650458335876
22,2025-03-07T06:20:50.769360,Mass,0.0,0.0,0.07264346922877175,0.9273565307712283,0,1,0.041434962302446365,0.33858639001846313,0.35816454887390137
22,2025-03-07T06:20:50.769360,No Finding,0.0,0.0,0.11685276551545053,0.8831472344845495,1,0,0.07385902106761932,0.29547616839408875,0.34457048773765564
22,2025-03-07T06:20:50.769360,Nodule,0.0,0.0,0.003895092183848351,0.9961049078161517,0,0,0.040976956486701965,0.33467715978622437,0.34264248609542847
22,2025-03-07T06:20:50.769360,Pleural_Thickening,0.0,0.0,0.00012983640612827837,0.9998701635938717,0,0,0.026516936719417572,0.29034483432769775,0.3112001419067383
22,2025-03-07T06:20:50.769360,Pneumonia,0.0,0.0,0.0,1.0,0,0,0.013719000853598118,0.22191663086414337,0.24612732231616974
22,2025-03-07T06:20:50.769360,Pneumothorax,0.0,0.0,0.09146974811737212,0.9085302518826279,27,65,0.03081478737294674,0.28848251700401306,0.36986690759658813
23,2025-03-07T06:50:43.646650,Atelectasis,0.0,0.0,0.006037392884964944,0.993962607115035,0,0,0.045729976147413254,0.33860063552856445,0.3380473256111145
23,2025-03-07T06:50:43.646650,Cardiomegaly,0.0,0.00012983640612827837,0.004933783432874578,0.9949363801609972,6,6,0.015477955341339111,0.12660808861255646,0.14715594053268433
23,2025-03-07T06:50:43.646650,Consolidation,0.0,0.0,0.0019475460919241756,0.9980524539080758,0,0,0.028857242316007614,0.2860608696937561,0.2969445586204529
23,2025-03-07T06:50:43.646650,Edema,0.0,0.0026616463256297065,0.1424954557257855,0.8548428979485848,4,482,0.040440160781145096,0.3188568353652954,0.45004239678382874
23,2025-03-07T06:50:43.646650,Effusion,0.0,0.0,0.19579330044144377,0.8042066995585562,6,72,0.057056572288274765,0.3696432113647461,0.3781692385673523
23,2025-03-07T06:50:43.646650,Emphysema,0.0,0.0,0.014411841080238899,0.9855881589197611,0,0,0.019619842991232872,0.2081480622291565,0.22517597675323486
23,2025-03-07T06:50:43.646650,Fibrosis,0.0,0.0,0.00019475460919241757,0.9998052453908076,0,0,0.01723257452249527,0.16242748498916626,0.11388707160949707
23,2025-03-07T06:50:43.646650,Hernia,0.0,0.0015580368735393405,0.009672812256556739,0.9887691508699039,1,64,0.0060105714946985245,0.04390238597989082,0.42699316143989563
23,2025-03-07T06:50:43.646650,Infiltration,0.0,0.0,0.6873539340431057,0.3126460659568943,3,10,0.06999024748802185,0.4103165566921234,0.4083235561847687
23,2025-03-07T06:50:43.646650,Mass,0.0,0.0,0.0,1.0,0,0,0.026641229167580605,0.21478316187858582,0.20807424187660217
23,2025-03-07T06:50:43.646650,No Finding,0.0,0.0,0.0,1.0,0,0,0.09599654376506805,0.2745709717273712,0.274212121963501
23,2025-03-07T06:50:43.646650,Nodule,0.0,0.0,0.0,1.0,0,0,0.027960579842329025,0.2565919756889343,0.2516406178474426
23,2025-03-07T06:50:43.646650,Pleural_Thickening,0.0,0.0,0.0,1.0,0,0,0.023749370127916336,0.27203303575515747,0.2697095274925232
23,2025-03-07T06:50:43.646650,Pneumonia,0.0,0.0,0.0,1.0,0,0,0.00988366361707449,0.10649308562278748,0.12157073616981506
23,2025-03-07T06:50:43.646650,Pneumothorax,0.0,0.0,0.07705790703713321,0.9229420929628668,6,24,0.0326014943420887,0.2722981572151184,0.3053894639015198
24,2025-03-07T07:20:25.883358,Atelectasis,0.0,0.0,0.056284082056608675,0.9437159179433914,3,4,0.036468759179115295,0.28928089141845703,0.33614635467529297
24,2025-03-07T07:20:25.883358,Cardiomegaly,0.0,0.002791482731757985,0.02388989872760322,0.9733186185406388,60,84,0.011924363672733307,0.16682173311710358,0.345975786447525
24,2025-03-07T07:20:25.883358,Consolidation,0.0,0.0,0.0006491820306413919,0.9993508179693587,0,0,0.024499436840415,0.26605358719825745,0.3218488097190857
24,2025-03-07T07:20:25.883358,Edema,0.0,6.491820306413918e-05,0.10309010646585302,0.8968449753310829,43,201,0.0206427201628685,0.21947139501571655,0.4256424009799957
24,2025-03-07T07:20:25.883358,Effusion,0.0,0.0,0.10075305115554402,0.899246948844456,65,35,0.03387764096260071,0.26795050501823425,0.36336109042167664
24,2025-03-07T07:20:25.883358,Emphysema,0.0,0.0,0.18021293170605038,0.8197870682939497,28,173,0.04037486016750336,0.32977035641670227,0.433347225189209
24,2025-03-07T07:20:25.883358,Fibrosis,0.0,0.0,0.020189561152947285,0.9798104388470528,0,0,0.024187030270695686,0.27628570795059204,0.3114676773548126
24,2025-03-07T07:20:25.883358,Hernia,6.491820306413918e-05,0.0009088548428979486,0.005063619839002856,0.993962607115035,7,36,0.0026896954514086246,0.09273520857095718,0.4369896650314331
24,2025-03-07T07:20:25.883358,Infiltration,0.0,0.0,0.18397818748377046,0.8160218125162295,36,36,0.05321506783366203,0.34768709540367126,0.3762437403202057
24,2025-03-07T07:20:25.883358,Mass,0.0,0.0,0.0015580368735393405,0.9984419631264606,0,0,0.033827491104602814,0.31160417199134827,0.332597553730011
24,2025-03-07T07:20:25.883358,No Finding,0.0,0.0,0.019994806543754868,0.9800051934562451,0,0,0.08327535539865494,0.2689896523952484,0.3075777590274811
24,2025-03-07T07:20:25.883358,Nodule,0.0,0.0,0.0,1.0,0,0,0.03445924445986748,0.3104340732097626,0.3153444528579712
24,2025-03-07T07:20:25.883358,Pleural_Thickening,0.0,0.0,6.491820306413918e-05,0.9999350817969359,0,0,0.025753943249583244,0.2860965430736542,0.312250554561615
24,2025-03-07T07:20:25.883358,Pneumonia,0.0,0.0,0.0,1.0,0,0,0.011085083708167076,0.19933077692985535,0.22362063825130463
24,2025-03-07T07:20:25.883358,Pneumothorax,0.0,0.0,0.1785899766294469,0.8214100233705531,94,249,0.039178501814603806,0.316668301820755,0.42010173201560974
25,2025-03-07T09:05:36.474143,Atelectasis,0.0,0.0,0.05479096338613347,0.9452090366138666,13,7,0.03572346270084381,0.28552988171577454,0.33132266998291016
25,2025-03-07T09:05:36.474143,Cardiomegaly,0.0,0.001428200467411062,0.009023630225915347,0.9895481693066736,37,24,0.009659694507718086,0.1389853060245514,0.26811209321022034
25,2025-03-07T09:05:36.474143,Consolidation,0.0,0.0,0.00012983640612827837,0.9998701635938717,0,0,0.020564856007695198,0.23914827406406403,0.29313167929649353
25,2025-03-07T09:05:36.474143,Edema,0.0,0.0,0.039989613087509736,0.9600103869124903,15,54,0.013332637026906013,0.17690826952457428,0.3426451086997986
25,2025-03-07T09:05:36.474143,Effusion,0.0,0.00025967281225655674,0.09322253960010386,0.9065177875876396,90,64,0.03252691030502319,0.25380268692970276,0.3536303639411926
25,2025-03-07T09:05:36.474143,Emphysema,0.0,0.00025967281225655674,0.17300701116593092,0.8267333160218125,52,293,0.03897056728601456,0.3210010528564453,0.4573841094970703
25,2025-03-07T09:05:36.474143,Fibrosis,0.0,0.0,0.08199169047000779,0.9180083095299922,0,0,0.03423740714788437,0.31507259607315063,0.35142114758491516
25,2025-03-07T09:05:36.474143,Hernia,0.00025967281225655674,0.010127239678005712,0.036873539340431055,0.9527395481693067,9,319,0.013835763558745384,0.1525547206401825,0.5941734910011292
25,2025-03-07T09:05:36.474143,Infiltration,0.0,0.0,0.10036354193715918,0.8996364580628409,4,2,0.05003085359930992,0.32956022024154663,0.35224974155426025
25,2025-03-07T09:05:36.474143,Mass,0.0,0.0,0.07387691508699039,0.9261230849130097,0,0,0.04356216639280319,0.34759294986724854,0.3672592341899872
25,2025-03-07T09:05:36.474143,No Finding,0.0,0.0,0.0975720592054012,0.9024279407945988,0,0,0.07625605911016464,0.294670969247818,0.3361453711986542
25,2025-03-07T09:05:36.474143,Nodule,0.0,0.0,0.0,1.0,0,0,0.039620302617549896,0.3310428261756897,0.33703798055648804
25,2025-03-07T09:05:36.474143,Pleural_Thickening,0.0,0.0,6.491820306413918e-05,0.9999350817969359,0,0,0.029581649228930473,0.303783118724823,0.32723093032836914
25,2025-03-07T09:05:36.474143,Pneumonia,0.0,0.0,0.0,1.0,0,0,0.011170867830514908,0.2013411521911621,0.21821154654026031
25,2025-03-07T09:05:36.474143,Pneumothorax,0.0,0.0019475460919241756,0.1860555699818229,0.8119968839262529,153,414,0.03878164291381836,0.30699849128723145,0.4383228123188019
26,2025-03-07T09:36:55.534704,Atelectasis,0.0,0.0,0.05459620877694105,0.945403791223059,5,13,0.036052338778972626,0.2856760323047638,0.333169162273407
26,2025-03-07T09:36:55.534704,Cardiomegaly,0.00025967281225655674,0.020449233965203845,0.06712542196831991,0.9121656712542197,172,495,0.023694755509495735,0.2079569399356842,0.5138574242591858
26,2025-03-07T09:36:55.534704,Consolidation,0.0,0.0,0.007205920540119449,0.9927940794598805,0,0,0.023851076140999794,0.2576419413089752,0.32021984457969666
26,2025-03-07T09:36:55.534704,Edema,0.0,0.0025967281225655675,0.13191378862633082,0.8654894832511036,92,537,0.024563835933804512,0.21576128900051117,0.4857007563114166
26,2025-03-07T09:36:55.534704,Effusion,0.0,0.00636198390028564,0.19436509997403273,0.7992729161256816,434,358,0.03867578133940697,0.2912614345550537,0.41064977645874023
26,2025-03-07T09:36:55.534704,Emphysema,0.0,0.0,0.027200727083874318,0.9727992729161257,5,33,0.018010109663009644,0.2360961139202118,0.3219507038593292
26,2025-03-07T09:36:55.534704,Fibrosis,0.0,0.0,0.10659568943131655,0.8934043105686834,1,9,0.030145859345793724,0.28630802035331726,0.3434177041053772
26,2025-03-07T09:36:55.534704,Hernia,6.491820306413918e-05,0.0012983640612827837,0.003245910153206959,0.9953908075824461,9,24,0.0023716920986771584,0.08665955811738968,0.4513315260410309
26,2025-03-07T09:36:55.534704,Infiltration,0.0,0.0,0.27986237340950404,0.720137626590496,131,142,0.05710744112730026,0.36588841676712036,0.3983010947704315
26,2025-03-07T09:36:55.534704,Mass,0.0,0.0,0.0005193456245131135,0.9994806543754868,0,0,0.02868417464196682,0.284213662147522,0.31085994839668274
26,2025-03-07T09:36:55.534704,No Finding,0.0,0.0,0.1759283303038172,0.8240716696961828,16,0,0.07307673990726471,0.2944534718990326,0.35017263889312744
26,2025-03-07T09:36:55.534704,Nodule,0.0,0.0,0.003245910153206959,0.996754089846793,0,0,0.03815978020429611,0.32266101241111755,0.3323989808559418
26,2025-03-07T09:36:55.534704,Pleural_Thickening,0.0,0.0,0.0012334458582186445,0.9987665541417814,0,0,0.024503672495484352,0.27711060643196106,0.30651426315307617
26,2025-03-07T09:36:55.534704,Pneumonia,0.0,0.0,0.0,1.0,0,0,0.013494827784597874,0.21981903910636902,0.2465364784002304
26,2025-03-07T09:36:55.534704,Pneumothorax,0.0,0.0,0.039275512853804206,0.9607244871461957,22,53,0.022495262324810028,0.2408532351255417,0.3339482247829437
27,2025-03-07T10:15:13.559647,Atelectasis,0.0,0.0,0.028239418332900546,0.9717605816670994,0,2,0.034516505897045135,0.27189984917640686,0.3133540153503418
27,2025-03-07T10:15:13.559647,Cardiomegaly,0.00012983640612827837,0.013957413658789926,0.05186964424824721,0.9340431056868346,156,322,0.01882302574813366,0.19807226955890656,0.4730985760688782
27,2025-03-07T10:15:13.559647,Consolidation,0.0,0.0,0.012334458582186444,0.9876655414178136,0,0,0.02608609013259411,0.2744496762752533,0.32929879426956177
27,2025-03-07T10:15:13.559647,Edema,0.0,0.004479356011425604,0.1434692287717476,0.8520514152168268,106,596,0.027047747746109962,0.2289033830165863,0.4958125948905945
27,2025-03-07T10:15:13.559647,Effusion,0.0,0.0016229550766034796,0.14580628408205662,0.8525707608413399,250,135,0.03581952303647995,0.2859136760234833,0.3873305916786194
27,2025-03-07T10:15:13.559647,Emphysema,0.0,0.000714100233705531,0.03421189301480135,0.9650740067514931,14,71,0.018832234665751457,0.23776501417160034,0.35143524408340454
27,2025-03-07T10:15:13.559647,Fibrosis,0.0,0.0,0.06504803947026747,0.9349519605297325,0,0,0.025895243510603905,0.27059903740882874,0.3296327590942383
27,2025-03-07T10:15:13.559647,Hernia,0.00025967281225655674,0.0006491820306413919,0.00318099195014282,0.9959101532069592,9,23,0.002286431612446904,0.08947020769119263,0.41506484150886536
27,2025-03-07T10:15:13.559647,Infiltration,0.0,0.0,0.31712542196831994,0.6828745780316801,121,161,0.059135910123586655,0.3736252188682556,0.40392279624938965
27,2025-03-07T10:15:13.559647,Mass,0.0,0.0,0.002142300701116593,0.9978576992988835,0,0,0.03067537397146225,0.295358270406723,0.32131585478782654
27,2025-03-07T10:15:13.559647,No Finding,0.0,0.0,0.17112438327707089,0.8288756167229291,11,1,0.07221058011054993,0.29974499344825745,0.35251283645629883
27,2025-03-07T10:15:13.559647,Nodule,0.0,0.0,6.491820306413918e-05,0.9999350817969359,0,0,0.0360698364675045,0.315740168094635,0.32718783617019653
27,2025-03-07T10:15:13.559647,Pleural_Thickening,0.0,0.0,0.0,1.0,0,0,0.021916676312685013,0.26351863145828247,0.29524680972099304
27,2025-03-07T10:15:13.559647,Pneumonia,0.0,0.0,6.491820306413918e-05,0.9999350817969359,0,0,0.01615186035633087,0.2394895851612091,0.26585450768470764
27,2025-03-07T10:15:13.559647,Pneumothorax,0.0,0.0006491820306413919,0.04836406128278369,0.950986756686575,47,75,0.023106010630726814,0.24499140679836273,0.34490060806274414
28,2025-03-07T10:46:00.742481,Atelectasis,0.0,0.0,0.08147234484549468,0.9185276551545053,34,30,0.03607465699315071,0.27833092212677,0.3352019488811493
28,2025-03-07T10:46:00.742481,Cardiomegaly,0.0,0.007400675149311867,0.03882108543235523,0.953778239418333,109,201,0.01515768002718687,0.1816728711128235,0.4219093322753906
28,2025-03-07T10:46:00.742481,Consolidation,0.0,0.0,0.00954297585042846,0.9904570241495715,0,0,0.026623902842402458,0.27781736850738525,0.3297918140888214
28,2025-03-07T10:46:00.742481,Edema,0.0,0.030641391846273694,0.1948195273954817,0.7745390807582446,178,1449,0.0425923690199852,0.2523558735847473,0.5512571930885315
28,2025-03-07T10:46:00.742481,Effusion,0.0,0.008374448195273955,0.18378343287457805,0.807842118930148,480,422,0.03807853162288666,0.28533726930618286,0.40862151980400085
28,2025-03-07T10:46:00.742481,Emphysema,0.0,0.0009088548428979486,0.044988314723448455,0.9541028304336536,33,129,0.019506514072418213,0.23018474876880646,0.37240156531333923
28,2025-03-07T10:46:00.742481,Fibrosis,0.0,0.0,0.02538301739807842,0.9746169826019215,0,0,0.018900997936725616,0.22639581561088562,0.2796292006969452
28,2025-03-07T10:46:00.742481,Hernia,0.0009737730459620878,0.005258374448195274,0.010841339911711243,0.9829265125941314,13,142,0.007188298739492893,0.09539195150136948,0.6248911023139954
28,2025-03-07T10:46:00.742481,Infiltration,0.0,6.491820306413918e-05,0.41573617242274735,0.5841989093741885,326,427,0.06356711685657501,0.3875616490840912,0.4231860041618347
28,2025-03-07T10:46:00.742481,Mass,0.0,0.0,0.0048039470267463,0.9951960529732538,0,0,0.030437389388680458,0.29250121116638184,0.3172839879989624
28,2025-03-07T10:46:00.742481,No Finding,0.0,0.0,0.1596987795377824,0.8403012204622176,17,2,0.0737609937787056,0.2937743663787842,0.3467467427253723
28,2025-03-07T10:46:00.742481,Nodule,0.0,0.0,0.0005193456245131135,0.9994806543754868,0,0,0.03671817481517792,0.31580427289009094,0.3262784779071808
28,2025-03-07T10:46:00.742481,Pleural_Thickening,0.0,0.0,0.00025967281225655674,0.9997403271877434,0,0,0.020313801243901253,0.25032323598861694,0.28114238381385803
28,2025-03-07T10:46:00.742481,Pneumonia,0.0,0.0,0.0013632822643469228,0.9986367177356531,0,0,0.018363285809755325,0.25013038516044617,0.2759523391723633
28,2025-03-07T10:46:00.742481,Pneumothorax,0.0,0.00012983640612827837,0.03576992988834069,0.964100233705531,34,53,0.021097343415021896,0.22442729771137238,0.32179558277130127
29,2025-03-07T11:16:22.057173,Atelectasis,0.0,0.0,0.07945988055050636,0.9205401194494937,30,44,0.03712678700685501,0.28900250792503357,0.34211811423301697
29,2025-03-07T11:16:22.057173,Cardiomegaly,0.0,0.009737730459620878,0.03674370293430278,0.9535185666060764,122,221,0.013775251805782318,0.15538008511066437,0.419499933719635
29,2025-03-07T11:16:22.057173,Consolidation,0.0,0.0,0.0029213191378862635,0.9970786808621137,0,0,0.022332891821861267,0.24972330033779144,0.31066200137138367
29,2025-03-07T11:16:22.057173,Edema,0.0,0.0026616463256297065,0.06056868345884186,0.9367696702155285,67,234,0.015483791939914227,0.1632576882839203,0.4180174767971039
29,2025-03-07T11:16:22.057173,Effusion,0.0,0.0018826278888600364,0.12529213191378863,0.8728252401973513,241,135,0.033658456057310104,0.2647855877876282,0.3732687830924988
29,2025-03-07T11:16:22.057173,Emphysema,0.0,0.0033108283562710986,0.0720592054011945,0.9246299662425344,45,260,0.023539021611213684,0.24872876703739166,0.4350830316543579
29,2025-03-07T11:16:22.057173,Fibrosis,0.0,0.003505582965463516,0.19008049857179954,0.8064139184627369,40,665,0.037521250545978546,0.28476589918136597,0.49708884954452515
29,2025-03-07T11:16:22.057173,Hernia,0.00025967281225655674,0.0022072189041807324,0.005063619839002856,0.9924694884445598,9,51,0.0033865838777273893,0.09488032013177872,0.5370199084281921
29,2025-03-07T11:16:22.057173,Infiltration,0.0,0.0,0.1906647623993768,0.8093352376006232,94,117,0.05382024496793747,0.3494647145271301,0.3811950087547302
29,2025-03-07T11:16:22.057173,Mass,0.0,0.0,0.03953518566606076,0.9604648143339393,0,0,0.03331480547785759,0.3054054379463196,0.34243032336235046
29,2025-03-07T11:16:22.057173,No Finding,0.0,0.0,0.2432485068813295,0.7567514931186705,78,16,0.07206723839044571,0.2987574636936188,0.3585919141769409
29,2025-03-07T11:16:22.057173,Nodule,0.0,0.0,0.002856400934822124,0.9971435990651779,0,0,0.03842002898454666,0.32493454217910767,0.3354654014110565
29,2025-03-07T11:16:22.057173,Pleural_Thickening,0.0,0.0,0.034406647623993765,0.9655933523760062,0,0,0.027246270328760147,0.28641730546951294,0.32806524634361267
29,2025-03-07T11:16:22.057173,Pneumonia,0.0,0.0,0.0013632822643469228,0.9986367177356531,0,0,0.012806345708668232,0.20731787383556366,0.23695874214172363
29,2025-03-07T11:16:22.057173,Pneumothorax,0.0,0.0026616463256297065,0.1005582965463516,0.8967800571280187,119,254,0.02779935486614704,0.25744128227233887,0.4013284742832184
